Country,File,Status
USA,"Devon Energy, 2023, Sustainability Report.pdf",Processed
USA,"NTEC, 2023, Operational Report 2023.pdf",Error: description =Either quota for this operation is not available or Free Tier quota is exhausted. Please visit (www.adobe.com/go/pdftoolsapi_home) to start using Free Tier quota or (www.adobe.com/go/pdftoolsapi_err_quota) to upgrade to paid credentials.; requestTrackingId=9e7cd15d-2b4f-409d-beed-a5b60dc04e7e; statusCode=429; errorCode=QUOTA_EXCEEDED
USA,"Chevron, 2023, sustainability report 2023.pdf",Processed
USA,"Alliance Resource Partners, 2022, Annual report.pdf",Processed
USA,"APA, 2023, APA US Sustainability Report.pdf",Processed
USA,"Antero Resources, 2022, ESG report.pdf",Processed
USA,"Anglo American, 2023, annual report full 2023.pdf",Processed
USA,"Murphy Oil, 2023, Annual Report 2023.pdf",Error: description =Either quota for this operation is not available or Free Tier quota is exhausted. Please visit (www.adobe.com/go/pdftoolsapi_home) to start using Free Tier quota or (www.adobe.com/go/pdftoolsapi_err_quota) to upgrade to paid credentials.; requestTrackingId=8bacbad4-6e51-11ef-846f-4ea0e68498d2; statusCode=429; errorCode=Quota Exceeded
USA,"Occidental Petroleum, 2023, Climate Report 2023.pdf",Error: description =Either quota for this operation is not available or Free Tier quota is exhausted. Please visit (www.adobe.com/go/pdftoolsapi_home) to start using Free Tier quota or (www.adobe.com/go/pdftoolsapi_err_quota) to upgrade to paid credentials.; requestTrackingId=8cbec174-6e51-11ef-846f-4ea0e68498d2; statusCode=429; errorCode=Quota Exceeded
USA,"ExxonMobil, 2024, advancing climate solutions report.pdf",Processed
USA,"Marathon Oil, 2023, Annual Report and 10K.pdf",Processed
USA,"Peabody Coal Group, 2023, Annual report.pdf",Error: description =Either quota for this operation is not available or Free Tier quota is exhausted. Please visit (www.adobe.com/go/pdftoolsapi_home) to start using Free Tier quota or (www.adobe.com/go/pdftoolsapi_err_quota) to upgrade to paid credentials.; requestTrackingId=8def6d00-6e51-11ef-846f-4ea0e68498d2; statusCode=429; errorCode=Quota Exceeded
USA,"Cheasapeake, 2023, Sustainability Report.pdf",Processed
USA,"Cheasapeake, 2023, Annual Report.pdf",Processed
USA,"ExxonMobil, 2023, Global Outlook executive summary.pdf",Processed
USA,"Pioneer Natural Resources, 2022, Sustainability Report.pdf",Error: description =Either quota for this operation is not available or Free Tier quota is exhausted. Please visit (www.adobe.com/go/pdftoolsapi_home) to start using Free Tier quota or (www.adobe.com/go/pdftoolsapi_err_quota) to upgrade to paid credentials.; requestTrackingId=8f0debb2-6e51-11ef-846f-4ea0e68498d2; statusCode=429; errorCode=Quota Exceeded
USA,"Hess Corporation, 2023, Annual Report.pdf",Processed
USA,"Chevron, 2022, annual report 2022.pdf",Processed
USA,"cemex, 2023, annual report and 20-f report.pdf",Error: description =Either quota for this operation is not available or Free Tier quota is exhausted. Please visit (www.adobe.com/go/pdftoolsapi_home) to start using Free Tier quota or (www.adobe.com/go/pdftoolsapi_err_quota) to upgrade to paid credentials.; requestTrackingId=902c293c-6e51-11ef-846f-4ea0e68498d2; statusCode=429; errorCode=Quota Exceeded
USA,"Occidental Petroleum, 2023, annual report.pdf",Error: description =Either quota for this operation is not available or Free Tier quota is exhausted. Please visit (www.adobe.com/go/pdftoolsapi_home) to start using Free Tier quota or (www.adobe.com/go/pdftoolsapi_err_quota) to upgrade to paid credentials.; requestTrackingId=91475f1c-6e51-11ef-846f-4ea0e68498d2; statusCode=429; errorCode=Quota Exceeded
USA,"conocophillips, 2023, annualreport.pdf",Processed
USA,"CONSOL Energy, 2023, Corporate Sustainability Report.pdf",Processed
USA,"EOG, 2022, Annual Report.pdf",Processed
USA,"Murphy Oil, 2022, Corporation Sustainability Report.pdf",Error: description =Either quota for this operation is not available or Free Tier quota is exhausted. Please visit (www.adobe.com/go/pdftoolsapi_home) to start using Free Tier quota or (www.adobe.com/go/pdftoolsapi_err_quota) to upgrade to paid credentials.; requestTrackingId=925f94b4-6e51-11ef-846f-4ea0e68498d2; statusCode=429; errorCode=Quota Exceeded
USA,"Exxonmobil, 2022, advancing climate solutions 2022 progress report.pdf",Processed
USA,"ovintiv, 2023, Sustainability report.pdf",Error: description =Either quota for this operation is not available or Free Tier quota is exhausted. Please visit (www.adobe.com/go/pdftoolsapi_home) to start using Free Tier quota or (www.adobe.com/go/pdftoolsapi_err_quota) to upgrade to paid credentials.; requestTrackingId=9414589e-6e51-11ef-846f-4ea0e68498d2; statusCode=429; errorCode=Quota Exceeded
USA,"Marathon Oil, 2022, Annual Report and 10K.pdf",Processed
USA,"Cheasapeake, 2022, Sustainability Report.pdf",Processed
USA,"SM Energy, 2023, 2023 results 4Q23 Earnings Release.pdf",Error: description =Either quota for this operation is not available or Free Tier quota is exhausted. Please visit (www.adobe.com/go/pdftoolsapi_home) to start using Free Tier quota or (www.adobe.com/go/pdftoolsapi_err_quota) to upgrade to paid credentials.; requestTrackingId=9532c260-6e51-11ef-846f-4ea0e68498d2; statusCode=429; errorCode=Quota Exceeded
USA,"Pioneer Natural Resources, 2023, Sustainability Report.pdf",Error: description =Either quota for this operation is not available or Free Tier quota is exhausted. Please visit (www.adobe.com/go/pdftoolsapi_home) to start using Free Tier quota or (www.adobe.com/go/pdftoolsapi_err_quota) to upgrade to paid credentials.; requestTrackingId=9661889c-6e51-11ef-846f-4ea0e68498d2; statusCode=429; errorCode=Quota Exceeded
USA,"Marathon Oil, 2022, Sustainability Report.pdf",Processed
USA,"ovintiv, 2022, annual report.pdf",Error: description =Either quota for this operation is not available or Free Tier quota is exhausted. Please visit (www.adobe.com/go/pdftoolsapi_home) to start using Free Tier quota or (www.adobe.com/go/pdftoolsapi_err_quota) to upgrade to paid credentials.; requestTrackingId=9795ae6e-6e51-11ef-846f-4ea0e68498d2; statusCode=429; errorCode=Quota Exceeded
USA,"CONSOL Energy, 2022, Corporate Sustainability Report.pdf",Processed
USA,"CONSOL Energy, 2023, Annual Report.pdf",Processed
USA,"Pioneer Natural Resources, 2022, Climate Risk Report.pdf",Error: description =Either quota for this operation is not available or Free Tier quota is exhausted. Please visit (www.adobe.com/go/pdftoolsapi_home) to start using Free Tier quota or (www.adobe.com/go/pdftoolsapi_err_quota) to upgrade to paid credentials.; requestTrackingId=98aa9f30-6e51-11ef-846f-4ea0e68498d2; statusCode=429; errorCode=Quota Exceeded
USA,"Coterra Energy, 2023, ESG.pdf",Processed
USA,"Continental Resources, 202 ESG Report.pdf",Processed
USA,"EQT, 2022, unleashed U.S. LNG scenario.pdf",Processed
USA,"ovintiv, 2023, annual report.pdf",Processed
USA,"CONSOL Energy, 2022, Annual Report.pdf",Processed
USA,"Occidental Petroleum, 2022, annual report 2022.pdf",Processed
USA,"Chevron, 2023, annual report 2023.pdf",Processed
USA,"Devon Energy, 2032, Annual Report 10-k form.pdf",Processed
USA,"APA, 2023, APA US Financial and Operational Highlights.pdf",Processed
USA,"EQT, 2023, Annual and Sustainability report 2023.pdf",Processed
USA,"Hess Corporation, 2022, sustainability report.pdf",Processed
USA,"Devon Energy, 2023, Climate Change Assessment Report.pdf",Processed
USA,"EOG, 2023, Annual Report.pdf",Error: description =Either quota for this operation is not available or Free Tier quota is exhausted. Please visit (www.adobe.com/go/pdftoolsapi_home) to start using Free Tier quota or (www.adobe.com/go/pdftoolsapi_err_quota) to upgrade to paid credentials.; requestTrackingId=99c47ea4-6e51-11ef-846f-4ea0e68498d2; statusCode=429; errorCode=Quota Exceeded
USA,"Chevron, 2021, sustainability report 2021.pdf",Processed
USA,"SM Energy, 2023, Energy Sustainability Reports and Data 2023.pdf",Error: description =Either quota for this operation is not available or Free Tier quota is exhausted. Please visit (www.adobe.com/go/pdftoolsapi_home) to start using Free Tier quota or (www.adobe.com/go/pdftoolsapi_err_quota) to upgrade to paid credentials.; requestTrackingId=9adbf286-6e51-11ef-846f-4ea0e68498d2; statusCode=429; errorCode=Quota Exceeded
USA,"Murphy Oil, 2023, Corporation Sustainability Report.pdf",Error: description =Either quota for this operation is not available or Free Tier quota is exhausted. Please visit (www.adobe.com/go/pdftoolsapi_home) to start using Free Tier quota or (www.adobe.com/go/pdftoolsapi_err_quota) to upgrade to paid credentials.; requestTrackingId=9bfbd3ca-6e51-11ef-846f-4ea0e68498d2; statusCode=429; errorCode=Quota Exceeded
USA,"Exxonmobil, 2022, climate lobbying report.pdf",Processed
USA,"Chevron, 2023, Climate change resilience report.pdf",Processed
USA,"NTEC, 2021, Operational Report 2021.pdf",Error: description =Either quota for this operation is not available or Free Tier quota is exhausted. Please visit (www.adobe.com/go/pdftoolsapi_home) to start using Free Tier quota or (www.adobe.com/go/pdftoolsapi_err_quota) to upgrade to paid credentials.; requestTrackingId=9d24589e-6e51-11ef-846f-4ea0e68498d2; statusCode=429; errorCode=Quota Exceeded
USA,"Alliance Resource Partners, 2023, Corporate Responsibility Report.pdf",Processed
USA,"NACCO, North American Coal, Annual report 2022.pdf",Processed
USA,"Pioneer Natural Resources, 2022, Annual report.pdf",Error: description =Either quota for this operation is not available or Free Tier quota is exhausted. Please visit (www.adobe.com/go/pdftoolsapi_home) to start using Free Tier quota or (www.adobe.com/go/pdftoolsapi_err_quota) to upgrade to paid credentials.; requestTrackingId=9e3c1be0-6e51-11ef-846f-4ea0e68498d2; statusCode=429; errorCode=Quota Exceeded
USA,"ExxonMobil, 2023, Annual Report 2023.pdf",Processed
USA,"Antero Resources, 2024, Annual Report.pdf",Processed
USA,"NACCO, North American Coal, annual report 2023.pdf",Error: description =Either quota for this operation is not available or Free Tier quota is exhausted. Please visit (www.adobe.com/go/pdftoolsapi_home) to start using Free Tier quota or (www.adobe.com/go/pdftoolsapi_err_quota) to upgrade to paid credentials.; requestTrackingId=9f54259a-6e51-11ef-846f-4ea0e68498d2; statusCode=429; errorCode=Quota Exceeded
USA,"Peabody Coal Group, 2023, ESG Report.pdf",Processed
USA,"CNX Resources, 2022, Annual Report Form 10-K.pdf",Processed
USA,"ExxonMobil, 2024, Signposts and scenarios.pdf",Processed
USA,"Coterra Energy, 2023, annual report.pdf",Processed
USA,"Southwestern Energy, 2021, Corporate Responsiblity Report.pdf",Error: description =Either quota for this operation is not available or Free Tier quota is exhausted. Please visit (www.adobe.com/go/pdftoolsapi_home) to start using Free Tier quota or (www.adobe.com/go/pdftoolsapi_err_quota) to upgrade to paid credentials.; requestTrackingId=a06b9bfc-6e51-11ef-846f-4ea0e68498d2; statusCode=429; errorCode=Quota Exceeded
USA,"Hess Corporation, 2022, Annual Report.pdf",Error: description =Either quota for this operation is not available or Free Tier quota is exhausted. Please visit (www.adobe.com/go/pdftoolsapi_home) to start using Free Tier quota or (www.adobe.com/go/pdftoolsapi_err_quota) to upgrade to paid credentials.; requestTrackingId=a221d9ac-6e51-11ef-846f-4ea0e68498d2; statusCode=429; errorCode=Quota Exceeded
USA,"Anglo American, 2023, climate change report 2023.pdf",Error: description =Either quota for this operation is not available or Free Tier quota is exhausted. Please visit (www.adobe.com/go/pdftoolsapi_home) to start using Free Tier quota or (www.adobe.com/go/pdftoolsapi_err_quota) to upgrade to paid credentials.; requestTrackingId=a33918c8-6e51-11ef-846f-4ea0e68498d2; statusCode=429; errorCode=Quota Exceeded
USA,"Cheasapeake, 2022, Annual Report.pdf",Error: description =Either quota for this operation is not available or Free Tier quota is exhausted. Please visit (www.adobe.com/go/pdftoolsapi_home) to start using Free Tier quota or (www.adobe.com/go/pdftoolsapi_err_quota) to upgrade to paid credentials.; requestTrackingId=a461d348-6e51-11ef-846f-4ea0e68498d2; statusCode=429; errorCode=Quota Exceeded
USA,"NTEC, 2022, Operational Report 2022.pdf",Error: description =Either quota for this operation is not available or Free Tier quota is exhausted. Please visit (www.adobe.com/go/pdftoolsapi_home) to start using Free Tier quota or (www.adobe.com/go/pdftoolsapi_err_quota) to upgrade to paid credentials.; requestTrackingId=a5805baa-6e51-11ef-846f-4ea0e68498d2; statusCode=429; errorCode=Quota Exceeded
USA,"ExxonMobil, 2024, Global Outlook Climate Solutions Sustainability Report.pdf",Error: description =Either quota for this operation is not available or Free Tier quota is exhausted. Please visit (www.adobe.com/go/pdftoolsapi_home) to start using Free Tier quota or (www.adobe.com/go/pdftoolsapi_err_quota) to upgrade to paid credentials.; requestTrackingId=a69f3a60-6e51-11ef-846f-4ea0e68498d2; statusCode=429; errorCode=Quota Exceeded
USA,"cemex, 2023, integrated report 2023.pdf",Error: description =Either quota for this operation is not available or Free Tier quota is exhausted. Please visit (www.adobe.com/go/pdftoolsapi_home) to start using Free Tier quota or (www.adobe.com/go/pdftoolsapi_err_quota) to upgrade to paid credentials.; requestTrackingId=a89ab330-6e51-11ef-846f-4ea0e68498d2; statusCode=429; errorCode=Quota Exceeded
USA,"Hess Corporation, 2021, Annual Report.pdf",Error: description =Either quota for this operation is not available or Free Tier quota is exhausted. Please visit (www.adobe.com/go/pdftoolsapi_home) to start using Free Tier quota or (www.adobe.com/go/pdftoolsapi_err_quota) to upgrade to paid credentials.; requestTrackingId=a9aa38e0-6e51-11ef-846f-4ea0e68498d2; statusCode=429; errorCode=Quota Exceeded
USA,"Alliance Resource Partners, 2023, Annual report.pdf",Error: description =Either quota for this operation is not available or Free Tier quota is exhausted. Please visit (www.adobe.com/go/pdftoolsapi_home) to start using Free Tier quota or (www.adobe.com/go/pdftoolsapi_err_quota) to upgrade to paid credentials.; requestTrackingId=aac4286c-6e51-11ef-846f-4ea0e68498d2; statusCode=429; errorCode=Quota Exceeded
USA,"Occidental Petroleum, 2023, sustainability report.pdf",Error: description =Either quota for this operation is not available or Free Tier quota is exhausted. Please visit (www.adobe.com/go/pdftoolsapi_home) to start using Free Tier quota or (www.adobe.com/go/pdftoolsapi_err_quota) to upgrade to paid credentials.; requestTrackingId=acf8c12e-6e51-11ef-846f-4ea0e68498d2; statusCode=429; errorCode=Quota Exceeded
USA,"Peabody Coal Group, 2024, ESG Report.pdf",Error: description =Either quota for this operation is not available or Free Tier quota is exhausted. Please visit (www.adobe.com/go/pdftoolsapi_home) to start using Free Tier quota or (www.adobe.com/go/pdftoolsapi_err_quota) to upgrade to paid credentials.; requestTrackingId=ae3a66fa-6e51-11ef-846f-4ea0e68498d2; statusCode=429; errorCode=Quota Exceeded
USA,"Alpha Metallurgical Resources, 2023, Annual Report.pdf",Error: description =Either quota for this operation is not available or Free Tier quota is exhausted. Please visit (www.adobe.com/go/pdftoolsapi_home) to start using Free Tier quota or (www.adobe.com/go/pdftoolsapi_err_quota) to upgrade to paid credentials.; requestTrackingId=af84b9f2-6e51-11ef-846f-4ea0e68498d2; statusCode=429; errorCode=Quota Exceeded
USA,"EOG, 2022, Sustainability Report.pdf",Error: description =Either quota for this operation is not available or Free Tier quota is exhausted. Please visit (www.adobe.com/go/pdftoolsapi_home) to start using Free Tier quota or (www.adobe.com/go/pdftoolsapi_err_quota) to upgrade to paid credentials.; requestTrackingId=b0d3a08e-6e51-11ef-846f-4ea0e68498d2; statusCode=429; errorCode=Quota Exceeded
USA,"conocophillips, 2022, sustainability report.pdf",Error: description =Either quota for this operation is not available or Free Tier quota is exhausted. Please visit (www.adobe.com/go/pdftoolsapi_home) to start using Free Tier quota or (www.adobe.com/go/pdftoolsapi_err_quota) to upgrade to paid credentials.; requestTrackingId=b1f46854-6e51-11ef-846f-4ea0e68498d2; statusCode=429; errorCode=Quota Exceeded
USA,"CNX Resources, 2021, Annual Report Form 10-K.pdf",Error: description =Either quota for this operation is not available or Free Tier quota is exhausted. Please visit (www.adobe.com/go/pdftoolsapi_home) to start using Free Tier quota or (www.adobe.com/go/pdftoolsapi_err_quota) to upgrade to paid credentials.; requestTrackingId=b314014a-6e51-11ef-846f-4ea0e68498d2; statusCode=429; errorCode=Quota Exceeded
USA,"ExxonMobil, 2023, Sustainability Report executive summary.pdf",Error: description =Either quota for this operation is not available or Free Tier quota is exhausted. Please visit (www.adobe.com/go/pdftoolsapi_home) to start using Free Tier quota or (www.adobe.com/go/pdftoolsapi_err_quota) to upgrade to paid credentials.; requestTrackingId=b437be22-6e51-11ef-846f-4ea0e68498d2; statusCode=429; errorCode=Quota Exceeded
Poland,"Orlen, 2023, Non-Financial Report 2023.pdf",Error: description =Either quota for this operation is not available or Free Tier quota is exhausted. Please visit (www.adobe.com/go/pdftoolsapi_home) to start using Free Tier quota or (www.adobe.com/go/pdftoolsapi_err_quota) to upgrade to paid credentials.; requestTrackingId=b54988cc-6e51-11ef-846f-4ea0e68498d2; statusCode=429; errorCode=Quota Exceeded
Poland,"Orlen, 2022, Non-financial Report 2022.pdf",Error: description =Either quota for this operation is not available or Free Tier quota is exhausted. Please visit (www.adobe.com/go/pdftoolsapi_home) to start using Free Tier quota or (www.adobe.com/go/pdftoolsapi_err_quota) to upgrade to paid credentials.; requestTrackingId=b66a46a6-6e51-11ef-846f-4ea0e68498d2; statusCode=429; errorCode=Quota Exceeded
Poland,"Orlen, 2023, Climate strategy (Polish).pdf",Error: description =Either quota for this operation is not available or Free Tier quota is exhausted. Please visit (www.adobe.com/go/pdftoolsapi_home) to start using Free Tier quota or (www.adobe.com/go/pdftoolsapi_err_quota) to upgrade to paid credentials.; requestTrackingId=b85a1680-6e51-11ef-846f-4ea0e68498d2; statusCode=429; errorCode=Quota Exceeded
Poland,"Orlen, 2023, Climate strategy (English google translate).pdf",Error: description =Either quota for this operation is not available or Free Tier quota is exhausted. Please visit (www.adobe.com/go/pdftoolsapi_home) to start using Free Tier quota or (www.adobe.com/go/pdftoolsapi_err_quota) to upgrade to paid credentials.; requestTrackingId=b974bf02-6e51-11ef-846f-4ea0e68498d2; statusCode=429; errorCode=Quota Exceeded
Poland,"Orlen, 2020, Integrated Report 2020.pdf",Error: description =Either quota for this operation is not available or Free Tier quota is exhausted. Please visit (www.adobe.com/go/pdftoolsapi_home) to start using Free Tier quota or (www.adobe.com/go/pdftoolsapi_err_quota) to upgrade to paid credentials.; requestTrackingId=baaecb88-6e51-11ef-846f-4ea0e68498d2; statusCode=429; errorCode=Quota Exceeded
Russia,"Rosneft, 2022, Sustainability Report 2022.pdf",Error: description =Either quota for this operation is not available or Free Tier quota is exhausted. Please visit (www.adobe.com/go/pdftoolsapi_home) to start using Free Tier quota or (www.adobe.com/go/pdftoolsapi_err_quota) to upgrade to paid credentials.; requestTrackingId=bbc8da54-6e51-11ef-846f-4ea0e68498d2; statusCode=429; errorCode=Quota Exceeded
Russia,"LUKOIL, 2021, Global Energy Perspective to 2050.pdf",Error: description =Either quota for this operation is not available or Free Tier quota is exhausted. Please visit (www.adobe.com/go/pdftoolsapi_home) to start using Free Tier quota or (www.adobe.com/go/pdftoolsapi_err_quota) to upgrade to paid credentials.; requestTrackingId=bcfd498c-6e51-11ef-846f-4ea0e68498d2; statusCode=429; errorCode=Quota Exceeded
Russia,"Rosneft, 2023, annual report 2023.pdf",Error: description =Either quota for this operation is not available or Free Tier quota is exhausted. Please visit (www.adobe.com/go/pdftoolsapi_home) to start using Free Tier quota or (www.adobe.com/go/pdftoolsapi_err_quota) to upgrade to paid credentials.; requestTrackingId=be15fe68-6e51-11ef-846f-4ea0e68498d2; statusCode=429; errorCode=Quota Exceeded
Russia,"Novatek, 2022, Sustainability report 2022.pdf",Error: description =Either quota for this operation is not available or Free Tier quota is exhausted. Please visit (www.adobe.com/go/pdftoolsapi_home) to start using Free Tier quota or (www.adobe.com/go/pdftoolsapi_err_quota) to upgrade to paid credentials.; requestTrackingId=bf29a548-6e51-11ef-846f-4ea0e68498d2; statusCode=429; errorCode=Quota Exceeded
Russia,"Rosneft, 2022, annual report 2022.pdf",Error: description =Either quota for this operation is not available or Free Tier quota is exhausted. Please visit (www.adobe.com/go/pdftoolsapi_home) to start using Free Tier quota or (www.adobe.com/go/pdftoolsapi_err_quota) to upgrade to paid credentials.; requestTrackingId=c03e0d3e-6e51-11ef-846f-4ea0e68498d2; statusCode=429; errorCode=Quota Exceeded
Russia,"Novatek, 2023, Sustainability 2023.pdf",Error: description =Either quota for this operation is not available or Free Tier quota is exhausted. Please visit (www.adobe.com/go/pdftoolsapi_home) to start using Free Tier quota or (www.adobe.com/go/pdftoolsapi_err_quota) to upgrade to paid credentials.; requestTrackingId=c1506104-6e51-11ef-846f-4ea0e68498d2; statusCode=429; errorCode=Quota Exceeded
Russia,"LUKOIL, 2023, CDP response Climate Change 2023.pdf",Error: description =Either quota for this operation is not available or Free Tier quota is exhausted. Please visit (www.adobe.com/go/pdftoolsapi_home) to start using Free Tier quota or (www.adobe.com/go/pdftoolsapi_err_quota) to upgrade to paid credentials.; requestTrackingId=c26f2642-6e51-11ef-846f-4ea0e68498d2; statusCode=429; errorCode=Quota Exceeded
Russia,"Novatek, 2023, Annual report 2023.pdf",Error: description =Either quota for this operation is not available or Free Tier quota is exhausted. Please visit (www.adobe.com/go/pdftoolsapi_home) to start using Free Tier quota or (www.adobe.com/go/pdftoolsapi_err_quota) to upgrade to paid credentials.; requestTrackingId=c3851550-6e51-11ef-846f-4ea0e68498d2; statusCode=429; errorCode=Quota Exceeded
Russia,"Rosneft, 2023, Sustainability Report 2023.pdf",Error: description =Either quota for this operation is not available or Free Tier quota is exhausted. Please visit (www.adobe.com/go/pdftoolsapi_home) to start using Free Tier quota or (www.adobe.com/go/pdftoolsapi_err_quota) to upgrade to paid credentials.; requestTrackingId=c4b83600-6e51-11ef-846f-4ea0e68498d2; statusCode=429; errorCode=Quota Exceeded
Russia,"LUKOIL, 2023, Group Sustainability Report.pdf",Error: description =Either quota for this operation is not available or Free Tier quota is exhausted. Please visit (www.adobe.com/go/pdftoolsapi_home) to start using Free Tier quota or (www.adobe.com/go/pdftoolsapi_err_quota) to upgrade to paid credentials.; requestTrackingId=c5df6288-6e51-11ef-846f-4ea0e68498d2; statusCode=429; errorCode=Quota Exceeded
Norway,"Equinor, 2022, energy transition plan.pdf",Error: description =Either quota for this operation is not available or Free Tier quota is exhausted. Please visit (www.adobe.com/go/pdftoolsapi_home) to start using Free Tier quota or (www.adobe.com/go/pdftoolsapi_err_quota) to upgrade to paid credentials.; requestTrackingId=c6ef9080-6e51-11ef-846f-4ea0e68498d2; statusCode=429; errorCode=Quota Exceeded
Norway,"Petoro, 2022, Annual report 2022.pdf",Error: description =Either quota for this operation is not available or Free Tier quota is exhausted. Please visit (www.adobe.com/go/pdftoolsapi_home) to start using Free Tier quota or (www.adobe.com/go/pdftoolsapi_err_quota) to upgrade to paid credentials.; requestTrackingId=c80cffa2-6e51-11ef-846f-4ea0e68498d2; statusCode=429; errorCode=Quota Exceeded
Norway,"equinor, 2023, progress on the energy transition plan.pdf",Error: description =Either quota for this operation is not available or Free Tier quota is exhausted. Please visit (www.adobe.com/go/pdftoolsapi_home) to start using Free Tier quota or (www.adobe.com/go/pdftoolsapi_err_quota) to upgrade to paid credentials.; requestTrackingId=c93520d0-6e51-11ef-846f-4ea0e68498d2; statusCode=429; errorCode=Quota Exceeded
Norway,"equinor, 2023, annual report.pdf",Error: description =Either quota for this operation is not available or Free Tier quota is exhausted. Please visit (www.adobe.com/go/pdftoolsapi_home) to start using Free Tier quota or (www.adobe.com/go/pdftoolsapi_err_quota) to upgrade to paid credentials.; requestTrackingId=ca44e76c-6e51-11ef-846f-4ea0e68498d2; statusCode=429; errorCode=Quota Exceeded
Norway,"Petoro, 2023, Annual report 2023.pdf",Error: description =Either quota for this operation is not available or Free Tier quota is exhausted. Please visit (www.adobe.com/go/pdftoolsapi_home) to start using Free Tier quota or (www.adobe.com/go/pdftoolsapi_err_quota) to upgrade to paid credentials.; requestTrackingId=cb6411c2-6e51-11ef-846f-4ea0e68498d2; statusCode=429; errorCode=Quota Exceeded
Brazil,"Petrobras, 2023, Climate Change Supplement.pdf",Processed
Brazil,"Petrobras, 2022, Sustainability Report 2022.pdf",Processed
Brazil,"Petrobras, 2022, Climate Change Supplement.pdf",Processed
Brazil,"Petrobras, 2023, Sustainability Report 2023.pdf",Processed
France,"Total Energies, 2024, Sustainability Climate 2023 Progress Report.pdf",Error: description =Either quota for this operation is not available or Free Tier quota is exhausted. Please visit (www.adobe.com/go/pdftoolsapi_home) to start using Free Tier quota or (www.adobe.com/go/pdftoolsapi_err_quota) to upgrade to paid credentials.; requestTrackingId=cc7fa990-6e51-11ef-846f-4ea0e68498d2; statusCode=429; errorCode=Quota Exceeded
France,"EDF, 2022, climate transition plan.pdf",Processed
France,"Carmelia, 2021, Carmila Capital Markets Day FR.pdf",Processed
France,"Amundi, 2022, Climate and Sustainability report.pdf",Processed
France,"TotalEnergies, 2023, Sustainability and Climate 2023 progress report.pdf",Processed
France,"Total Energies, 2023, Sustainability Climate 2023 Progress Report.pdf",Error: description =Either quota for this operation is not available or Free Tier quota is exhausted. Please visit (www.adobe.com/go/pdftoolsapi_home) to start using Free Tier quota or (www.adobe.com/go/pdftoolsapi_err_quota) to upgrade to paid credentials.; requestTrackingId=cda96a90-6e51-11ef-846f-4ea0e68498d2; statusCode=429; errorCode=Quota Exceeded
France,"TotalEnergies, 2024, Sustainability and Climate 2024 progress report.pdf",Processed
France,"TotalEnergies, 2022, Sustainability and Climate 2022 progress report.pdf",Processed
France,"Atos, 2021, Tackling climate change.pdf",Processed
France,"Carrefour, 2021, Group Climate Plan 2021.pdf",Processed
France,"TotalEnergies, 2023, Energy Outlook 2023.pdf",Error: description =Either quota for this operation is not available or Free Tier quota is exhausted. Please visit (www.adobe.com/go/pdftoolsapi_home) to start using Free Tier quota or (www.adobe.com/go/pdftoolsapi_err_quota) to upgrade to paid credentials.; requestTrackingId=cec39fb8-6e51-11ef-846f-4ea0e68498d2; statusCode=429; errorCode=Quota Exceeded
France,"Carrefour, 2022, Climate plan Carrefour Group 2022.pdf",Processed
France,"Engie, 2023, Cahier Climat 2023.pdf",Processed
Kuwait,"Kuwait Petroleum Corporation, Sustainability Report 2022-2023.pdf",Error: description =Either quota for this operation is not available or Free Tier quota is exhausted. Please visit (www.adobe.com/go/pdftoolsapi_home) to start using Free Tier quota or (www.adobe.com/go/pdftoolsapi_err_quota) to upgrade to paid credentials.; requestTrackingId=cfdb8b9a-6e51-11ef-846f-4ea0e68498d2; statusCode=429; errorCode=Quota Exceeded
Kuwait,"Kuwait Petroleum Corporation, 2022, Annual report 2021-2022.pdf",Error: description =Either quota for this operation is not available or Free Tier quota is exhausted. Please visit (www.adobe.com/go/pdftoolsapi_home) to start using Free Tier quota or (www.adobe.com/go/pdftoolsapi_err_quota) to upgrade to paid credentials.; requestTrackingId=d0f40cfa-6e51-11ef-846f-4ea0e68498d2; statusCode=429; errorCode=Quota Exceeded
Kuwait,"Kuwait Petroleum Corporation, 2023, 2050 Energy Transition.pdf",Error: description =Either quota for this operation is not available or Free Tier quota is exhausted. Please visit (www.adobe.com/go/pdftoolsapi_home) to start using Free Tier quota or (www.adobe.com/go/pdftoolsapi_err_quota) to upgrade to paid credentials.; requestTrackingId=d2e193d4-6e51-11ef-846f-4ea0e68498d2; statusCode=429; errorCode=Quota Exceeded
Kuwait,"Kuwait Petroleum Corporation, 2023, Annual report 2022-2023.pdf",Error: description =Either quota for this operation is not available or Free Tier quota is exhausted. Please visit (www.adobe.com/go/pdftoolsapi_home) to start using Free Tier quota or (www.adobe.com/go/pdftoolsapi_err_quota) to upgrade to paid credentials.; requestTrackingId=d40167da-6e51-11ef-846f-4ea0e68498d2; statusCode=429; errorCode=Quota Exceeded
Malaysia,"PETRONAS, 2023, Sustainability Report 2023.pdf",Error: description =Either quota for this operation is not available or Free Tier quota is exhausted. Please visit (www.adobe.com/go/pdftoolsapi_home) to start using Free Tier quota or (www.adobe.com/go/pdftoolsapi_err_quota) to upgrade to paid credentials.; requestTrackingId=d51b7bba-6e51-11ef-846f-4ea0e68498d2; statusCode=429; errorCode=Quota Exceeded
Malaysia,"PETRONAS, 2022, Sustainability Report 2022.pdf",Error: description =Either quota for this operation is not available or Free Tier quota is exhausted. Please visit (www.adobe.com/go/pdftoolsapi_home) to start using Free Tier quota or (www.adobe.com/go/pdftoolsapi_err_quota) to upgrade to paid credentials.; requestTrackingId=d6491b96-6e51-11ef-846f-4ea0e68498d2; statusCode=429; errorCode=Quota Exceeded
Malaysia,"PETRONAS, 2023, Integrated Report 2023.pdf",Error: description =Either quota for this operation is not available or Free Tier quota is exhausted. Please visit (www.adobe.com/go/pdftoolsapi_home) to start using Free Tier quota or (www.adobe.com/go/pdftoolsapi_err_quota) to upgrade to paid credentials.; requestTrackingId=d78046c4-6e51-11ef-846f-4ea0e68498d2; statusCode=429; errorCode=Quota Exceeded
Malaysia,"PETRONAS, 2022, Integrated Report 2022.pdf",Error: description =Either quota for this operation is not available or Free Tier quota is exhausted. Please visit (www.adobe.com/go/pdftoolsapi_home) to start using Free Tier quota or (www.adobe.com/go/pdftoolsapi_err_quota) to upgrade to paid credentials.; requestTrackingId=d93052b6-6e51-11ef-846f-4ea0e68498d2; statusCode=429; errorCode=Quota Exceeded
Indonesia,"Adaro, 2023, Sustainability Report 2022.pdf",Error: description =Either quota for this operation is not available or Free Tier quota is exhausted. Please visit (www.adobe.com/go/pdftoolsapi_home) to start using Free Tier quota or (www.adobe.com/go/pdftoolsapi_err_quota) to upgrade to paid credentials.; requestTrackingId=da4ca83e-6e51-11ef-846f-4ea0e68498d2; statusCode=429; errorCode=Quota Exceeded
Indonesia,"Bumi Resources, 2023, Sustainability Report.pdf",Error: description =Either quota for this operation is not available or Free Tier quota is exhausted. Please visit (www.adobe.com/go/pdftoolsapi_home) to start using Free Tier quota or (www.adobe.com/go/pdftoolsapi_err_quota) to upgrade to paid credentials.; requestTrackingId=db756d54-6e51-11ef-846f-4ea0e68498d2; statusCode=429; errorCode=Quota Exceeded
Indonesia,"Pertamina, 2022, Sustainability Report 2022.pdf",Error: description =Either quota for this operation is not available or Free Tier quota is exhausted. Please visit (www.adobe.com/go/pdftoolsapi_home) to start using Free Tier quota or (www.adobe.com/go/pdftoolsapi_err_quota) to upgrade to paid credentials.; requestTrackingId=dc8d96e4-6e51-11ef-846f-4ea0e68498d2; statusCode=429; errorCode=Quota Exceeded
Indonesia,"Pertamina, 2023, Annual Report 2023.pdf",Error: description =Either quota for this operation is not available or Free Tier quota is exhausted. Please visit (www.adobe.com/go/pdftoolsapi_home) to start using Free Tier quota or (www.adobe.com/go/pdftoolsapi_err_quota) to upgrade to paid credentials.; requestTrackingId=ddc4a872-6e51-11ef-846f-4ea0e68498d2; statusCode=429; errorCode=Quota Exceeded
Indonesia,"pttep, 2022, sustainability report 2022.pdf",Error: description =Either quota for this operation is not available or Free Tier quota is exhausted. Please visit (www.adobe.com/go/pdftoolsapi_home) to start using Free Tier quota or (www.adobe.com/go/pdftoolsapi_err_quota) to upgrade to paid credentials.; requestTrackingId=dee39574-6e51-11ef-846f-4ea0e68498d2; statusCode=429; errorCode=Quota Exceeded
Indonesia,"Pertamina, 2023, Sustainability Report 2023.pdf",Error: description =Either quota for this operation is not available or Free Tier quota is exhausted. Please visit (www.adobe.com/go/pdftoolsapi_home) to start using Free Tier quota or (www.adobe.com/go/pdftoolsapi_err_quota) to upgrade to paid credentials.; requestTrackingId=dff56230-6e51-11ef-846f-4ea0e68498d2; statusCode=429; errorCode=Quota Exceeded
Indonesia,"Bumi Resources, 2023, Annual report.pdf",Error: description =Either quota for this operation is not available or Free Tier quota is exhausted. Please visit (www.adobe.com/go/pdftoolsapi_home) to start using Free Tier quota or (www.adobe.com/go/pdftoolsapi_err_quota) to upgrade to paid credentials.; requestTrackingId=e121e5e8-6e51-11ef-846f-4ea0e68498d2; statusCode=429; errorCode=Quota Exceeded
Indonesia,"pttep, 2023, annual report and sustainability report 2023.pdf",Error: description =Either quota for this operation is not available or Free Tier quota is exhausted. Please visit (www.adobe.com/go/pdftoolsapi_home) to start using Free Tier quota or (www.adobe.com/go/pdftoolsapi_err_quota) to upgrade to paid credentials.; requestTrackingId=e28323fc-6e51-11ef-846f-4ea0e68498d2; statusCode=429; errorCode=Quota Exceeded
Indonesia,"Adaro, 2024, Sustainability report.pdf",Error: description =Either quota for this operation is not available or Free Tier quota is exhausted. Please visit (www.adobe.com/go/pdftoolsapi_home) to start using Free Tier quota or (www.adobe.com/go/pdftoolsapi_err_quota) to upgrade to paid credentials.; requestTrackingId=e3b11d1a-6e51-11ef-846f-4ea0e68498d2; statusCode=429; errorCode=Quota Exceeded
Indonesia,"Adaro, 2024, annual report.pdf",Error: description =Either quota for this operation is not available or Free Tier quota is exhausted. Please visit (www.adobe.com/go/pdftoolsapi_home) to start using Free Tier quota or (www.adobe.com/go/pdftoolsapi_err_quota) to upgrade to paid credentials.; requestTrackingId=e4d7ca86-6e51-11ef-846f-4ea0e68498d2; statusCode=429; errorCode=Quota Exceeded
Indonesia,"pttep, 2021, annual report 2021.pdf",Error: description =Either quota for this operation is not available or Free Tier quota is exhausted. Please visit (www.adobe.com/go/pdftoolsapi_home) to start using Free Tier quota or (www.adobe.com/go/pdftoolsapi_err_quota) to upgrade to paid credentials.; requestTrackingId=e5f13808-6e51-11ef-846f-4ea0e68498d2; statusCode=429; errorCode=Quota Exceeded
Indonesia,"Adaro, 2023, Annual Report 2022.pdf",Error: description =Either quota for this operation is not available or Free Tier quota is exhausted. Please visit (www.adobe.com/go/pdftoolsapi_home) to start using Free Tier quota or (www.adobe.com/go/pdftoolsapi_err_quota) to upgrade to paid credentials.; requestTrackingId=e7294ec2-6e51-11ef-846f-4ea0e68498d2; statusCode=429; errorCode=Quota Exceeded
Indonesia,"pttep, 2022, annual report 2022.pdf",Error: description =Either quota for this operation is not available or Free Tier quota is exhausted. Please visit (www.adobe.com/go/pdftoolsapi_home) to start using Free Tier quota or (www.adobe.com/go/pdftoolsapi_err_quota) to upgrade to paid credentials.; requestTrackingId=e843f1c2-6e51-11ef-846f-4ea0e68498d2; statusCode=429; errorCode=Quota Exceeded
Indonesia,"pttep, 2024, tcfd disclosure report.pdf",Error: description =Either quota for this operation is not available or Free Tier quota is exhausted. Please visit (www.adobe.com/go/pdftoolsapi_home) to start using Free Tier quota or (www.adobe.com/go/pdftoolsapi_err_quota) to upgrade to paid credentials.; requestTrackingId=e97f036a-6e51-11ef-846f-4ea0e68498d2; statusCode=429; errorCode=Quota Exceeded
Indonesia,"pttep, 2021, sustainability report 2021.pdf",Error: description =Either quota for this operation is not available or Free Tier quota is exhausted. Please visit (www.adobe.com/go/pdftoolsapi_home) to start using Free Tier quota or (www.adobe.com/go/pdftoolsapi_err_quota) to upgrade to paid credentials.; requestTrackingId=ea99354a-6e51-11ef-846f-4ea0e68498d2; statusCode=429; errorCode=Quota Exceeded
Spain,"Repsol, 2023, integrated management report 2023.pdf",Processed
Spain,"Repsol, 2024, global sustainability plan 2024.pdf",Error: description =Either quota for this operation is not available or Free Tier quota is exhausted. Please visit (www.adobe.com/go/pdftoolsapi_home) to start using Free Tier quota or (www.adobe.com/go/pdftoolsapi_err_quota) to upgrade to paid credentials.; requestTrackingId=ebce6c82-6e51-11ef-846f-4ea0e68498d2; statusCode=429; errorCode=Quota Exceeded
Spain,"Repsol, 2023, annual esg engagement report 2022-2023.pdf",Processed
Spain,"Repsol, 2022, integrated management report 2022.pdf",Error: description =Either quota for this operation is not available or Free Tier quota is exhausted. Please visit (www.adobe.com/go/pdftoolsapi_home) to start using Free Tier quota or (www.adobe.com/go/pdftoolsapi_err_quota) to upgrade to paid credentials.; requestTrackingId=ecf93614-6e51-11ef-846f-4ea0e68498d2; statusCode=429; errorCode=Quota Exceeded
Australia,"Woodside, 2024, Climate Transition Action Plan and 2023 Progress Report.pdf",Error: description =Either quota for this operation is not available or Free Tier quota is exhausted. Please visit (www.adobe.com/go/pdftoolsapi_home) to start using Free Tier quota or (www.adobe.com/go/pdftoolsapi_err_quota) to upgrade to paid credentials.; requestTrackingId=ee1b4ef6-6e51-11ef-846f-4ea0e68498d2; statusCode=429; errorCode=Quota Exceeded
Australia,"Santos, 2023, Annual Report 2023.pdf",Error: description =Either quota for this operation is not available or Free Tier quota is exhausted. Please visit (www.adobe.com/go/pdftoolsapi_home) to start using Free Tier quota or (www.adobe.com/go/pdftoolsapi_err_quota) to upgrade to paid credentials.; requestTrackingId=ef2cbac8-6e51-11ef-846f-4ea0e68498d2; statusCode=429; errorCode=Quota Exceeded
Australia,"Sims Metal, 2022, Climate report 2022.pdf",Processed
Australia,"Woodside, 2021, Climate Transition Action Plan 2021.pdf",Processed
Australia,"rio tinto, 2023, strategic annual report 2023.pdf",Error: description =Either quota for this operation is not available or Free Tier quota is exhausted. Please visit (www.adobe.com/go/pdftoolsapi_home) to start using Free Tier quota or (www.adobe.com/go/pdftoolsapi_err_quota) to upgrade to paid credentials.; requestTrackingId=f064fec8-6e51-11ef-846f-4ea0e68498d2; statusCode=429; errorCode=Quota Exceeded
Australia,"APA, 2023, climate-report-2023 (not strictly SoC).pdf",Processed
Australia,"Rio Tinto, 2021, Climate Report 2021.pdf",Processed
Australia,"Santos, 2022, Climate Change Report 2022.pdf",Error: description =Either quota for this operation is not available or Free Tier quota is exhausted. Please visit (www.adobe.com/go/pdftoolsapi_home) to start using Free Tier quota or (www.adobe.com/go/pdftoolsapi_err_quota) to upgrade to paid credentials.; requestTrackingId=f19177b8-6e51-11ef-846f-4ea0e68498d2; statusCode=429; errorCode=Quota Exceeded
Australia,"Santos, 2023, Sustainability Report 2023.pdf",Error: description =Either quota for this operation is not available or Free Tier quota is exhausted. Please visit (www.adobe.com/go/pdftoolsapi_home) to start using Free Tier quota or (www.adobe.com/go/pdftoolsapi_err_quota) to upgrade to paid credentials.; requestTrackingId=f2adc1ce-6e51-11ef-846f-4ea0e68498d2; statusCode=429; errorCode=Quota Exceeded
Australia,"BHP, 2020, Climate Change Report.pdf",Processed
Australia,"Whitehaven Coal, 2023, Annual Report 2023.pdf",Error: description =Either quota for this operation is not available or Free Tier quota is exhausted. Please visit (www.adobe.com/go/pdftoolsapi_home) to start using Free Tier quota or (www.adobe.com/go/pdftoolsapi_err_quota) to upgrade to paid credentials.; requestTrackingId=f3bb1b70-6e51-11ef-846f-4ea0e68498d2; statusCode=429; errorCode=Quota Exceeded
Australia,"Woodside, 2023, Climate Transition Action Plan and 2023 Progress Report.pdf",Processed
Australia,"Woodside, 2023, Annual Report.pdf",Error: description =Either quota for this operation is not available or Free Tier quota is exhausted. Please visit (www.adobe.com/go/pdftoolsapi_home) to start using Free Tier quota or (www.adobe.com/go/pdftoolsapi_err_quota) to upgrade to paid credentials.; requestTrackingId=f4ea50e2-6e51-11ef-846f-4ea0e68498d2; statusCode=429; errorCode=Quota Exceeded
Australia,"Sims Metal, 2023, Climate report 2023.pdf",Processed
Australia,"Whitehaven Coal, 2022, Sustainability Report 2022.pdf",Error: description =Either quota for this operation is not available or Free Tier quota is exhausted. Please visit (www.adobe.com/go/pdftoolsapi_home) to start using Free Tier quota or (www.adobe.com/go/pdftoolsapi_err_quota) to upgrade to paid credentials.; requestTrackingId=f61f9422-6e51-11ef-846f-4ea0e68498d2; statusCode=429; errorCode=Quota Exceeded
Australia,"APA, 2023, annual report.pdf",Processed
Australia,"AGL, 2023, FY23 TCFD report August 2023.pdf",Processed
Australia,"BHP, 2023, Annual report 2023.pdf",Error: description =Either quota for this operation is not available or Free Tier quota is exhausted. Please visit (www.adobe.com/go/pdftoolsapi_home) to start using Free Tier quota or (www.adobe.com/go/pdftoolsapi_err_quota) to upgrade to paid credentials.; requestTrackingId=f74ac358-6e51-11ef-846f-4ea0e68498d2; statusCode=429; errorCode=Quota Exceeded
Australia,"Rio Tinto, 2022, Climate Report 2022.pdf",Processed
Australia,"Origin, 2022, Climate Transition Action Plan 2022.pdf",Processed
Australia,"Santos, 2023, Sustainability and Climate Report 2023.pdf",Error: description =Either quota for this operation is not available or Free Tier quota is exhausted. Please visit (www.adobe.com/go/pdftoolsapi_home) to start using Free Tier quota or (www.adobe.com/go/pdftoolsapi_err_quota) to upgrade to paid credentials.; requestTrackingId=f88064d0-6e51-11ef-846f-4ea0e68498d2; statusCode=429; errorCode=Quota Exceeded
Australia,"Whitehaven Coal, 2023, Sustainability Report 2023.pdf",Error: description =Either quota for this operation is not available or Free Tier quota is exhausted. Please visit (www.adobe.com/go/pdftoolsapi_home) to start using Free Tier quota or (www.adobe.com/go/pdftoolsapi_err_quota) to upgrade to paid credentials.; requestTrackingId=f99fa1d2-6e51-11ef-846f-4ea0e68498d2; statusCode=429; errorCode=Quota Exceeded
Australia,"Whitehaven Coal, 2020, Sustainability Report 2020 Sustainability climate change.pdf",Error: description =Either quota for this operation is not available or Free Tier quota is exhausted. Please visit (www.adobe.com/go/pdftoolsapi_home) to start using Free Tier quota or (www.adobe.com/go/pdftoolsapi_err_quota) to upgrade to paid credentials.; requestTrackingId=fab589ce-6e51-11ef-846f-4ea0e68498d2; statusCode=429; errorCode=Quota Exceeded
Australia,"South23, 2023, Climate Change Action Plan 2023.pdf",Processed
Australia,"Santos, 2023, Climate Change Report 2023.pdf",Error: description =Either quota for this operation is not available or Free Tier quota is exhausted. Please visit (www.adobe.com/go/pdftoolsapi_home) to start using Free Tier quota or (www.adobe.com/go/pdftoolsapi_err_quota) to upgrade to paid credentials.; requestTrackingId=fbee3994-6e51-11ef-846f-4ea0e68498d2; statusCode=429; errorCode=Quota Exceeded
Australia,"Santos, 2024, Climate Transition Action Plan 2024.pdf",Processed
Australia,"rio tinto, 2023, annual report 2023.pdf",Error: description =Either quota for this operation is not available or Free Tier quota is exhausted. Please visit (www.adobe.com/go/pdftoolsapi_home) to start using Free Tier quota or (www.adobe.com/go/pdftoolsapi_err_quota) to upgrade to paid credentials.; requestTrackingId=fd1b60b2-6e51-11ef-846f-4ea0e68498d2; statusCode=429; errorCode=Quota Exceeded
Australia,"APA, 2023, Sustainability Report.pdf",Processed
Australia,"Rio Tinto, 2023, Climate Report 2023.pdf",Processed
Australia,"AGL, 2022, Climate Transition Action Plan 2022.pdf",Processed
Australia,"South23, 2022, Climate Change Action Plan 2022.pdf",Processed
Qatar,"QatarEnergy, 2023, Sustainability Report.pdf",Error: description =Either quota for this operation is not available or Free Tier quota is exhausted. Please visit (www.adobe.com/go/pdftoolsapi_home) to start using Free Tier quota or (www.adobe.com/go/pdftoolsapi_err_quota) to upgrade to paid credentials.; requestTrackingId=fe4228ea-6e51-11ef-846f-4ea0e68498d2; statusCode=429; errorCode=Quota Exceeded
Qatar,"QatarEnergy, 2022, Sustainability Report.pdf",Error: description =Either quota for this operation is not available or Free Tier quota is exhausted. Please visit (www.adobe.com/go/pdftoolsapi_home) to start using Free Tier quota or (www.adobe.com/go/pdftoolsapi_err_quota) to upgrade to paid credentials.; requestTrackingId=ff698c0e-6e51-11ef-846f-4ea0e68498d2; statusCode=429; errorCode=Quota Exceeded
Germany,"RWE, 2024, annual report 2023.pdf",Error: description =Either quota for this operation is not available or Free Tier quota is exhausted. Please visit (www.adobe.com/go/pdftoolsapi_home) to start using Free Tier quota or (www.adobe.com/go/pdftoolsapi_err_quota) to upgrade to paid credentials.; requestTrackingId=0095a55e-6e52-11ef-846f-4ea0e68498d2; statusCode=429; errorCode=Quota Exceeded
Germany,"Heidelberg Materials, 2023, Climate Transition Plan.pdf",Error: description =Either quota for this operation is not available or Free Tier quota is exhausted. Please visit (www.adobe.com/go/pdftoolsapi_home) to start using Free Tier quota or (www.adobe.com/go/pdftoolsapi_err_quota) to upgrade to paid credentials.; requestTrackingId=01c0a6cc-6e52-11ef-846f-4ea0e68498d2; statusCode=429; errorCode=Quota Exceeded
Germany,"BASF, 2023, Annual Report 2023.pdf",Error: description =Either quota for this operation is not available or Free Tier quota is exhausted. Please visit (www.adobe.com/go/pdftoolsapi_home) to start using Free Tier quota or (www.adobe.com/go/pdftoolsapi_err_quota) to upgrade to paid credentials.; requestTrackingId=02d92124-6e52-11ef-846f-4ea0e68498d2; statusCode=429; errorCode=Quota Exceeded
Germany,"RWE, 2023, sustainability strategy report 2023.pdf",Error: description =Either quota for this operation is not available or Free Tier quota is exhausted. Please visit (www.adobe.com/go/pdftoolsapi_home) to start using Free Tier quota or (www.adobe.com/go/pdftoolsapi_err_quota) to upgrade to paid credentials.; requestTrackingId=03f8e756-6e52-11ef-846f-4ea0e68498d2; statusCode=429; errorCode=Quota Exceeded
Germany,"Heidelberg Materials, 2022, Annual and Sustainability Report 2022.pdf",Error: description =Either quota for this operation is not available or Free Tier quota is exhausted. Please visit (www.adobe.com/go/pdftoolsapi_home) to start using Free Tier quota or (www.adobe.com/go/pdftoolsapi_err_quota) to upgrade to paid credentials.; requestTrackingId=0519567a-6e52-11ef-846f-4ea0e68498d2; statusCode=429; errorCode=Quota Exceeded
Germany,"Heidelberg Materials, 2023, Annual and Sustainability Report 2023.pdf",Error: description =Either quota for this operation is not available or Free Tier quota is exhausted. Please visit (www.adobe.com/go/pdftoolsapi_home) to start using Free Tier quota or (www.adobe.com/go/pdftoolsapi_err_quota) to upgrade to paid credentials.; requestTrackingId=06eac204-6e52-11ef-846f-4ea0e68498d2; statusCode=429; errorCode=Quota Exceeded
Bahrain,"Bapco Energies, 2022, Annual Report 2022.pdf",Processed
Bahrain,"Bapco Energies, 2022, ESG Report 2022.pdf",Processed
Ireland,"CRH, 2023, annual report and form 20-F.pdf",Error: description =Either quota for this operation is not available or Free Tier quota is exhausted. Please visit (www.adobe.com/go/pdftoolsapi_home) to start using Free Tier quota or (www.adobe.com/go/pdftoolsapi_err_quota) to upgrade to paid credentials.; requestTrackingId=08111f66-6e52-11ef-846f-4ea0e68498d2; statusCode=429; errorCode=Quota Exceeded
Ireland,"CRH, 2022, sustainability performance report.pdf",Error: description =Either quota for this operation is not available or Free Tier quota is exhausted. Please visit (www.adobe.com/go/pdftoolsapi_home) to start using Free Tier quota or (www.adobe.com/go/pdftoolsapi_err_quota) to upgrade to paid credentials.; requestTrackingId=093ea75a-6e52-11ef-846f-4ea0e68498d2; statusCode=429; errorCode=Quota Exceeded
Ireland,"CRH, 2022, annual report and form 20-F.pdf",Error: description =Either quota for this operation is not available or Free Tier quota is exhausted. Please visit (www.adobe.com/go/pdftoolsapi_home) to start using Free Tier quota or (www.adobe.com/go/pdftoolsapi_err_quota) to upgrade to paid credentials.; requestTrackingId=0a55fb84-6e52-11ef-846f-4ea0e68498d2; statusCode=429; errorCode=Quota Exceeded
Ireland,"CRH, 2023, sustainability performance report.pdf",Error: description =Either quota for this operation is not available or Free Tier quota is exhausted. Please visit (www.adobe.com/go/pdftoolsapi_home) to start using Free Tier quota or (www.adobe.com/go/pdftoolsapi_err_quota) to upgrade to paid credentials.; requestTrackingId=0b6f0db2-6e52-11ef-846f-4ea0e68498d2; statusCode=429; errorCode=Quota Exceeded
Oman,"PDO, 2022, Sustainability Report.pdf",Error: description =Either quota for this operation is not available or Free Tier quota is exhausted. Please visit (www.adobe.com/go/pdftoolsapi_home) to start using Free Tier quota or (www.adobe.com/go/pdftoolsapi_err_quota) to upgrade to paid credentials.; requestTrackingId=0c88a80c-6e52-11ef-846f-4ea0e68498d2; statusCode=429; errorCode=Quota Exceeded
Algeria,"Sonatrach, 2022, Annual report.pdf",Processed
Algeria,"Sonatrach, 2021, Annual report.pdf",Processed
Switzerland,"Holcim, 2021, climate report 2021.pdf",Processed
Switzerland,"Glencore, 2022, Climate Report.pdf",Processed
Switzerland,"Nestle, 2020, net zero roadmap.pdf",Processed
Switzerland,"Glencore, 2023, Annual Report.pdf",Processed
Switzerland,"UBS, 2023, climate and nature report 2023.pdf",Processed
Switzerland,"UBS, 2023, sustainability report 2023.pdf",Processed
Switzerland,"Holcim Group, 2022, Integrated report.pdf",Error: description =Either quota for this operation is not available or Free Tier quota is exhausted. Please visit (www.adobe.com/go/pdftoolsapi_home) to start using Free Tier quota or (www.adobe.com/go/pdftoolsapi_err_quota) to upgrade to paid credentials.; requestTrackingId=0da2c09c-6e52-11ef-846f-4ea0e68498d2; statusCode=429; errorCode=Quota Exceeded
Switzerland,"UBS, 2022, climate and nature report.pdf",Processed
Switzerland,"Holcim, 2022, climate report 2022.pdf",Processed
Switzerland,"Glencore, 2024 Climate Action Transition Plan.pdf",Processed
Switzerland,"Glencore, 2023, Sustainability Report.pdf",Error: description =Either quota for this operation is not available or Free Tier quota is exhausted. Please visit (www.adobe.com/go/pdftoolsapi_home) to start using Free Tier quota or (www.adobe.com/go/pdftoolsapi_err_quota) to upgrade to paid credentials.; requestTrackingId=0ec8f3a6-6e52-11ef-846f-4ea0e68498d2; statusCode=429; errorCode=Quota Exceeded
Switzerland,"Glencore, 2022, Annual Report.pdf",Processed
Switzerland,"Holcim, 2023, climate report 2023.pdf",Processed
Switzerland,"Glencore, 2022, sustainability report.pdf",Error: description =Either quota for this operation is not available or Free Tier quota is exhausted. Please visit (www.adobe.com/go/pdftoolsapi_home) to start using Free Tier quota or (www.adobe.com/go/pdftoolsapi_err_quota) to upgrade to paid credentials.; requestTrackingId=0ff4c7a0-6e52-11ef-846f-4ea0e68498d2; statusCode=429; errorCode=Quota Exceeded
Switzerland,"Holcim Group, 2023, Integrated report.pdf",Error: description =Either quota for this operation is not available or Free Tier quota is exhausted. Please visit (www.adobe.com/go/pdftoolsapi_home) to start using Free Tier quota or (www.adobe.com/go/pdftoolsapi_err_quota) to upgrade to paid credentials.; requestTrackingId=112e67e8-6e52-11ef-846f-4ea0e68498d2; statusCode=429; errorCode=Quota Exceeded
Switzerland,"Nestle, 2023, net zero roadmap.pdf",Processed
Angola,"sonangol, 2022, Sustainability Report 2022 Executive Summary.pdf",Error: description =Either quota for this operation is not available or Free Tier quota is exhausted. Please visit (www.adobe.com/go/pdftoolsapi_home) to start using Free Tier quota or (www.adobe.com/go/pdftoolsapi_err_quota) to upgrade to paid credentials.; requestTrackingId=12560248-6e52-11ef-846f-4ea0e68498d2; statusCode=429; errorCode=Quota Exceeded
Angola,"sonangol, 2022, Consolidated Financial Statements 2022.pdf",Processed
Japan,"INPEX, 2023, Sustainability Report 2023.pdf",Error: description =Either quota for this operation is not available or Free Tier quota is exhausted. Please visit (www.adobe.com/go/pdftoolsapi_home) to start using Free Tier quota or (www.adobe.com/go/pdftoolsapi_err_quota) to upgrade to paid credentials.; requestTrackingId=136c7d6a-6e52-11ef-846f-4ea0e68498d2; statusCode=429; errorCode=Quota Exceeded
Japan,"INPEX, integrated report 2023.pdf",Processed
Japan,"INPEX, 2022, sustainability report 2022.pdf",Error: description =Either quota for this operation is not available or Free Tier quota is exhausted. Please visit (www.adobe.com/go/pdftoolsapi_home) to start using Free Tier quota or (www.adobe.com/go/pdftoolsapi_err_quota) to upgrade to paid credentials.; requestTrackingId=15705596-6e52-11ef-846f-4ea0e68498d2; statusCode=429; errorCode=Quota Exceeded
Colombia,"Ecopetrol, Climate change management tcfd 2022.pdf",Processed
Colombia,"Ecopetrol, 2023, 2022 annual corporate governance report.pdf",Error: description =Either quota for this operation is not available or Free Tier quota is exhausted. Please visit (www.adobe.com/go/pdftoolsapi_home) to start using Free Tier quota or (www.adobe.com/go/pdftoolsapi_err_quota) to upgrade to paid credentials.; requestTrackingId=17b28e8c-6e52-11ef-846f-4ea0e68498d2; statusCode=429; errorCode=Quota Exceeded
China,"CNPC, 2022, ESG report.pdf",Processed
China,"CNPC, 2023, Annual report 2023.pdf",Processed
China,"Sinopec, 2022, Group Annual Report 2022.pdf",Error: description =Either quota for this operation is not available or Free Tier quota is exhausted. Please visit (www.adobe.com/go/pdftoolsapi_home) to start using Free Tier quota or (www.adobe.com/go/pdftoolsapi_err_quota) to upgrade to paid credentials.; requestTrackingId=18cc9b64-6e52-11ef-846f-4ea0e68498d2; statusCode=429; errorCode=Quota Exceeded
China,"Sinopec, 2023, Group Annual Report 2023.pdf",Error: description =Either quota for this operation is not available or Free Tier quota is exhausted. Please visit (www.adobe.com/go/pdftoolsapi_home) to start using Free Tier quota or (www.adobe.com/go/pdftoolsapi_err_quota) to upgrade to paid credentials.; requestTrackingId=19e6a350-6e52-11ef-846f-4ea0e68498d2; statusCode=429; errorCode=Quota Exceeded
China,"CNOOC, 2022, ESG Report.pdf",Error: description =Either quota for this operation is not available or Free Tier quota is exhausted. Please visit (www.adobe.com/go/pdftoolsapi_home) to start using Free Tier quota or (www.adobe.com/go/pdftoolsapi_err_quota) to upgrade to paid credentials.; requestTrackingId=1afe7b6e-6e52-11ef-846f-4ea0e68498d2; statusCode=429; errorCode=Quota Exceeded
China,"CNPC, 2022, Annual report 2022.pdf",Processed
China,"CNOOC, 2023, Annual Report.pdf",Error: description =Either quota for this operation is not available or Free Tier quota is exhausted. Please visit (www.adobe.com/go/pdftoolsapi_home) to start using Free Tier quota or (www.adobe.com/go/pdftoolsapi_err_quota) to upgrade to paid credentials.; requestTrackingId=1c26c028-6e52-11ef-846f-4ea0e68498d2; statusCode=429; errorCode=Quota Exceeded
China,"Sinopec, 2023, Sustainability Report 2023.pdf",Processed
UK,"BHP, 2020, Climate Change Report 2020.pdf",Processed
UK,"Shell, 2024, Energy transition Strategy 2024.pdf",Error: description =Either quota for this operation is not available or Free Tier quota is exhausted. Please visit (www.adobe.com/go/pdftoolsapi_home) to start using Free Tier quota or (www.adobe.com/go/pdftoolsapi_err_quota) to upgrade to paid credentials.; requestTrackingId=1d4136aa-6e52-11ef-846f-4ea0e68498d2; statusCode=429; errorCode=Quota Exceeded
UK,"shell, 2023, annual report 2023.pdf",Error: description =Either quota for this operation is not available or Free Tier quota is exhausted. Please visit (www.adobe.com/go/pdftoolsapi_home) to start using Free Tier quota or (www.adobe.com/go/pdftoolsapi_err_quota) to upgrade to paid credentials.; requestTrackingId=1fa405da-6e52-11ef-846f-4ea0e68498d2; statusCode=429; errorCode=Quota Exceeded
UK,"Rio Tinto, 2021, Climate Report 2021.pdf",Processed
UK,"Coal Authority, 2023, Sustainability Report.pdf",Error: description =Either quota for this operation is not available or Free Tier quota is exhausted. Please visit (www.adobe.com/go/pdftoolsapi_home) to start using Free Tier quota or (www.adobe.com/go/pdftoolsapi_err_quota) to upgrade to paid credentials.; requestTrackingId=20bc2a9c-6e52-11ef-846f-4ea0e68498d2; statusCode=429; errorCode=Quota Exceeded
UK,"AngloAmerican, 2022, climate change report 2022.pdf",Processed
UK,"Shell, 2023, sustainability report 2023.pdf",Processed
UK,"BHP, 2021, Climate transition action plan 2021.pdf",Processed
UK,"Shell, 2022, shell energy transition progress report 2022.pdf",Processed
UK,"Aviva, 2021, climate transition plan.pdf",Processed
UK,"bp, 2023, annual report and form 20f 2023.pdf",Error: description =Either quota for this operation is not available or Free Tier quota is exhausted. Please visit (www.adobe.com/go/pdftoolsapi_home) to start using Free Tier quota or (www.adobe.com/go/pdftoolsapi_err_quota) to upgrade to paid credentials.; requestTrackingId=21e21e72-6e52-11ef-846f-4ea0e68498d2; statusCode=429; errorCode=Quota Exceeded
UK,"Rio Tinto, 2022, Climate Report 2022.pdf",Processed
UK,"Shell, 2023, ensuring high quality nature based carbon credits.pdf",Processed
UK,"shell, 2022, annual report 2022.pdf",Error: description =Either quota for this operation is not available or Free Tier quota is exhausted. Please visit (www.adobe.com/go/pdftoolsapi_home) to start using Free Tier quota or (www.adobe.com/go/pdftoolsapi_err_quota) to upgrade to paid credentials.; requestTrackingId=231d64fe-6e52-11ef-846f-4ea0e68498d2; statusCode=429; errorCode=Quota Exceeded
UK,"bp, 2023, sustainability report 2023.pdf",Error: description =Either quota for this operation is not available or Free Tier quota is exhausted. Please visit (www.adobe.com/go/pdftoolsapi_home) to start using Free Tier quota or (www.adobe.com/go/pdftoolsapi_err_quota) to upgrade to paid credentials.; requestTrackingId=243a4744-6e52-11ef-846f-4ea0e68498d2; statusCode=429; errorCode=Quota Exceeded
UK,"bp, 2022, net zero report 2022.pdf",Error: description =Either quota for this operation is not available or Free Tier quota is exhausted. Please visit (www.adobe.com/go/pdftoolsapi_home) to start using Free Tier quota or (www.adobe.com/go/pdftoolsapi_err_quota) to upgrade to paid credentials.; requestTrackingId=25744308-6e52-11ef-846f-4ea0e68498d2; statusCode=429; errorCode=Quota Exceeded
UK,"bp, 2024, net zero progress update 2024.pdf",Processed
UK,"Unilever, 2021, climate transition action plan 2021.pdf",Processed
UK,"Unilever, 2024, climate transition action plan updated 2024.pdf",Processed
UK,"Coal Authority, 2023, annual report and accounts.pdf",Error: description =Either quota for this operation is not available or Free Tier quota is exhausted. Please visit (www.adobe.com/go/pdftoolsapi_home) to start using Free Tier quota or (www.adobe.com/go/pdftoolsapi_err_quota) to upgrade to paid credentials.; requestTrackingId=26b71db2-6e52-11ef-846f-4ea0e68498d2; statusCode=429; errorCode=Quota Exceeded
UK,"Shell, 20234, shell energy transition strategy 2024.pdf",Error: description =Either quota for this operation is not available or Free Tier quota is exhausted. Please visit (www.adobe.com/go/pdftoolsapi_home) to start using Free Tier quota or (www.adobe.com/go/pdftoolsapi_err_quota) to upgrade to paid credentials.; requestTrackingId=27f56044-6e52-11ef-846f-4ea0e68498d2; statusCode=429; errorCode=Quota Exceeded
UK,"bp, 2023, net zero progress update 2023.pdf",Error: description =Either quota for this operation is not available or Free Tier quota is exhausted. Please visit (www.adobe.com/go/pdftoolsapi_home) to start using Free Tier quota or (www.adobe.com/go/pdftoolsapi_err_quota) to upgrade to paid credentials.; requestTrackingId=291fe11a-6e52-11ef-846f-4ea0e68498d2; statusCode=429; errorCode=Quota Exceeded
UK,"AngloAmerican, 2023, climate change report 2023.pdf",Processed
UK,"Rio Tinto, 2023, Climate Report 2023.pdf",Processed
Saudi Arabia,"Saudi Aramco, 2022, Annual report 2022.pdf",Error: description =Either quota for this operation is not available or Free Tier quota is exhausted. Please visit (www.adobe.com/go/pdftoolsapi_home) to start using Free Tier quota or (www.adobe.com/go/pdftoolsapi_err_quota) to upgrade to paid credentials.; requestTrackingId=2a75ce4e-6e52-11ef-846f-4ea0e68498d2; statusCode=429; errorCode=Quota Exceeded
Saudi Arabia,"Saudi Aramco, 2023, Sustainability report 2023.pdf",Error: description =Either quota for this operation is not available or Free Tier quota is exhausted. Please visit (www.adobe.com/go/pdftoolsapi_home) to start using Free Tier quota or (www.adobe.com/go/pdftoolsapi_err_quota) to upgrade to paid credentials.; requestTrackingId=2b9926ea-6e52-11ef-846f-4ea0e68498d2; statusCode=429; errorCode=Quota Exceeded
Saudi Arabia,"Saudi Aramco, 2023, climate change and the energy transition.pdf",Processed
Saudi Arabia,"Saudi Aramco, 2022, Sustainability report 2022.pdf",Error: description =Either quota for this operation is not available or Free Tier quota is exhausted. Please visit (www.adobe.com/go/pdftoolsapi_home) to start using Free Tier quota or (www.adobe.com/go/pdftoolsapi_err_quota) to upgrade to paid credentials.; requestTrackingId=2cc1acb8-6e52-11ef-846f-4ea0e68498d2; statusCode=429; errorCode=Quota Exceeded
Saudi Arabia,"Saudi Aramco, 2023, Annual report 2023.pdf",Error: description =Either quota for this operation is not available or Free Tier quota is exhausted. Please visit (www.adobe.com/go/pdftoolsapi_home) to start using Free Tier quota or (www.adobe.com/go/pdftoolsapi_err_quota) to upgrade to paid credentials.; requestTrackingId=2df9d31c-6e52-11ef-846f-4ea0e68498d2; statusCode=429; errorCode=Quota Exceeded
South Africa,"exxaro, 2022, Integrated report 2022.pdf",Error: description =Either quota for this operation is not available or Free Tier quota is exhausted. Please visit (www.adobe.com/go/pdftoolsapi_home) to start using Free Tier quota or (www.adobe.com/go/pdftoolsapi_err_quota) to upgrade to paid credentials.; requestTrackingId=2f13070a-6e52-11ef-846f-4ea0e68498d2; statusCode=429; errorCode=Quota Exceeded
South Africa,"SASOL, 2023, Integrated Report 2023.pdf",Error: description =Either quota for this operation is not available or Free Tier quota is exhausted. Please visit (www.adobe.com/go/pdftoolsapi_home) to start using Free Tier quota or (www.adobe.com/go/pdftoolsapi_err_quota) to upgrade to paid credentials.; requestTrackingId=305c6886-6e52-11ef-846f-4ea0e68498d2; statusCode=429; errorCode=Quota Exceeded
South Africa,"SASOL, 2022, Integrated Report 2022.pdf",Error: description =Either quota for this operation is not available or Free Tier quota is exhausted. Please visit (www.adobe.com/go/pdftoolsapi_home) to start using Free Tier quota or (www.adobe.com/go/pdftoolsapi_err_quota) to upgrade to paid credentials.; requestTrackingId=3187b8c8-6e52-11ef-846f-4ea0e68498d2; statusCode=429; errorCode=Quota Exceeded
South Africa,"SASOL, 2023, Climate Change Report 2023.pdf",Processed
South Africa,"seriti, 2023, wind factsheet 2023.pdf",Processed
South Africa,"SASOL, 2023, Sustainability Report 2023.pdf",Error: description =Either quota for this operation is not available or Free Tier quota is exhausted. Please visit (www.adobe.com/go/pdftoolsapi_home) to start using Free Tier quota or (www.adobe.com/go/pdftoolsapi_err_quota) to upgrade to paid credentials.; requestTrackingId=32a92f0c-6e52-11ef-846f-4ea0e68498d2; statusCode=429; errorCode=Quota Exceeded
South Africa,"SASOL, 2022, Climate Change Report 2022.pdf",Processed
South Africa,"seriti, 2022, green campaign factsheet 2022.pdf",Processed
South Africa,"exxaro, 2020, climate change position statement.pdf",Processed
South Africa,"seriti, 2022, fact sheet 2022.pdf",Processed
South Africa,"SASOL, 2021, Climate Change Report 2021.pdf",Processed
South Africa,"exxaro, 2022, ESG report.pdf",Error: description =Either quota for this operation is not available or Free Tier quota is exhausted. Please visit (www.adobe.com/go/pdftoolsapi_home) to start using Free Tier quota or (www.adobe.com/go/pdftoolsapi_err_quota) to upgrade to paid credentials.; requestTrackingId=33fd1030-6e52-11ef-846f-4ea0e68498d2; statusCode=429; errorCode=Quota Exceeded
India,"Singareni collieries, 2023, Status Report on Environmental Sustainability.pdf",Processed
India,"CIL, Coal India, 2021, Sustainability Report.pdf",Error: description =Either quota for this operation is not available or Free Tier quota is exhausted. Please visit (www.adobe.com/go/pdftoolsapi_home) to start using Free Tier quota or (www.adobe.com/go/pdftoolsapi_err_quota) to upgrade to paid credentials.; requestTrackingId=351c9846-6e52-11ef-846f-4ea0e68498d2; statusCode=429; errorCode=Quota Exceeded
India,"Adani, 2024, Annual report FY24.pdf",Error: description =Either quota for this operation is not available or Free Tier quota is exhausted. Please visit (www.adobe.com/go/pdftoolsapi_home) to start using Free Tier quota or (www.adobe.com/go/pdftoolsapi_err_quota) to upgrade to paid credentials.; requestTrackingId=363587e2-6e52-11ef-846f-4ea0e68498d2; statusCode=429; errorCode=Quota Exceeded
India,"CIL, Coal India, 2022, Business Responsibility and Sustainability Report.pdf",Error: description =Either quota for this operation is not available or Free Tier quota is exhausted. Please visit (www.adobe.com/go/pdftoolsapi_home) to start using Free Tier quota or (www.adobe.com/go/pdftoolsapi_err_quota) to upgrade to paid credentials.; requestTrackingId=374f5f4a-6e52-11ef-846f-4ea0e68498d2; statusCode=429; errorCode=Quota Exceeded
India,"ONGC India, annual report 2023.pdf",Error: description =Either quota for this operation is not available or Free Tier quota is exhausted. Please visit (www.adobe.com/go/pdftoolsapi_home) to start using Free Tier quota or (www.adobe.com/go/pdftoolsapi_err_quota) to upgrade to paid credentials.; requestTrackingId=38711cb0-6e52-11ef-846f-4ea0e68498d2; statusCode=429; errorCode=Quota Exceeded
India,"ONGC India, annual report 2022.pdf",Error: description =Either quota for this operation is not available or Free Tier quota is exhausted. Please visit (www.adobe.com/go/pdftoolsapi_home) to start using Free Tier quota or (www.adobe.com/go/pdftoolsapi_err_quota) to upgrade to paid credentials.; requestTrackingId=39a319a8-6e52-11ef-846f-4ea0e68498d2; statusCode=429; errorCode=Quota Exceeded
India,"ONGC India, 2023, Business responsibility Report.pdf",Processed
India,"Adani, 2023, Adani Green Energy Limited ESG report 2022-2023.pdf",Error: description =Either quota for this operation is not available or Free Tier quota is exhausted. Please visit (www.adobe.com/go/pdftoolsapi_home) to start using Free Tier quota or (www.adobe.com/go/pdftoolsapi_err_quota) to upgrade to paid credentials.; requestTrackingId=3abcf2b4-6e52-11ef-846f-4ea0e68498d2; statusCode=429; errorCode=Quota Exceeded
Italy,"Atlantia (Mundys), 2022, Climate Action Plan.pdf",Processed
Italy,"eni, 2023, sustainability performance.pdf",Processed
Italy,"ENI, 2023, Annual Report 2023.pdf",Error: description =Either quota for this operation is not available or Free Tier quota is exhausted. Please visit (www.adobe.com/go/pdftoolsapi_home) to start using Free Tier quota or (www.adobe.com/go/pdftoolsapi_err_quota) to upgrade to paid credentials.; requestTrackingId=3bd4483c-6e52-11ef-846f-4ea0e68498d2; statusCode=429; errorCode=Quota Exceeded
Italy,"ENI, 2023, Annual Report 2022.pdf",Error: description =Either quota for this operation is not available or Free Tier quota is exhausted. Please visit (www.adobe.com/go/pdftoolsapi_home) to start using Free Tier quota or (www.adobe.com/go/pdftoolsapi_err_quota) to upgrade to paid credentials.; requestTrackingId=3ce8d2a6-6e52-11ef-846f-4ea0e68498d2; statusCode=429; errorCode=Quota Exceeded
Italy,"eni, 2022, sustainability performance.pdf",Processed
Equinor,"Equinor, 2022, energy transition plan.pdf",Processed
Thailand,"BANPU, 2022, Cliamte Change Report 2022.pdf",Error: description =Either quota for this operation is not available or Free Tier quota is exhausted. Please visit (www.adobe.com/go/pdftoolsapi_home) to start using Free Tier quota or (www.adobe.com/go/pdftoolsapi_err_quota) to upgrade to paid credentials.; requestTrackingId=3e01d34a-6e52-11ef-846f-4ea0e68498d2; statusCode=429; errorCode=Quota Exceeded
Thailand,"BANPU, 2024, Annual Report.pdf",Error: description =Either quota for this operation is not available or Free Tier quota is exhausted. Please visit (www.adobe.com/go/pdftoolsapi_home) to start using Free Tier quota or (www.adobe.com/go/pdftoolsapi_err_quota) to upgrade to paid credentials.; requestTrackingId=3f1a310a-6e52-11ef-846f-4ea0e68498d2; statusCode=429; errorCode=Quota Exceeded
Thailand,"Banpu, 2023, Sustainability Report 2023.pdf",Error: description =Either quota for this operation is not available or Free Tier quota is exhausted. Please visit (www.adobe.com/go/pdftoolsapi_home) to start using Free Tier quota or (www.adobe.com/go/pdftoolsapi_err_quota) to upgrade to paid credentials.; requestTrackingId=403af1aa-6e52-11ef-846f-4ea0e68498d2; statusCode=429; errorCode=Quota Exceeded
Austria,"OMV Group, 2023, Sustainability Report 2023.pdf",Processed
Austria,"OMV Group, 2022, Sustainability Report 2022.pdf",Processed
Austria,"OMV Group, 2023, Annual Report 2023.pdf",Processed
Canada,"Teck Resources, 2023, Sustainability Report Climate Change.pdf",Processed
Canada,"Teck Resources, 2023, Annual Report.pdf",Processed
Canada,"Canadian Natural Resources, 2022, Annual Report.pdf",Error: description =Either quota for this operation is not available or Free Tier quota is exhausted. Please visit (www.adobe.com/go/pdftoolsapi_home) to start using Free Tier quota or (www.adobe.com/go/pdftoolsapi_err_quota) to upgrade to paid credentials.; requestTrackingId=415feffe-6e52-11ef-846f-4ea0e68498d2; statusCode=429; errorCode=Quota Exceeded
Canada,"Teck Resources, 2021, Climate Change Outlook 2021.pdf",Processed
Canada,"Cenovus Energy, 2023, Annual Report.pdf",Processed
Canada,"Teck Resources, 2023, Sustainability Report.pdf",Processed
Canada,"Obsidian Energy, 2023, Annual Report.pdf",Processed
Canada,"Canada Pacific Rail, 2023, Climate Strategy.pdf",Processed
Canada,"Canadian Natural Resources, 2023, Annual Report.pdf",Processed
